,Name,Director,Genre,John DiMaggio,Nicholas Braun,Sheryl Lee,Amybeth McNulty,Jerry Seinfeld,Allison Tolman,Josh Grelle,Judy Greer,Frank Kelly,Cillian Murphy,Richard Armitage,Yu Hayashi,Rafael Pettersson,Jessica Lange,LaKeith Stanfield,Alexander Skarsgård,Holt McCallany,Christopher McCulloch,Abhilash Thapliyal,Karoline Eichhorn,Kieran Culkin,rel
0,Planet Earth II,David Attenborough|Chadden Hunter|Elizabeth White,Documentary,0,0,0,0,0,0,0,0,0,0,0,0,0,0,0,0,0,0,0,0,0,0
155,Through the Wormhole,Morgan Freeman|Sean Carroll|Michio Kaku,Documentary,0,0,0,0,0,0,0,0,0,0,0,0,0,0,0,0,0,0,0,0,0,0
156,Justified,Timothy Olyphant|Nick Searcy|Joelle Carter,Action|Crime|Drama,0,0,0,0,0,0,0,0,0,0,0,0,0,0,0,0,0,0,0,0,0,0
157,Making a Murderer,Steven Avery|Dolores Avery|Laura Nirider,Documentary|Crime,0,0,0,0,0,0,0,0,0,0,0,0,0,0,0,0,0,0,0,0,0,0
158,The Family Man,Manoj Bajpayee|Samantha Ruth Prabhu|Priyamani,Action|Comedy|Drama,0,0,0,0,0,0,0,0,0,0,0,0,0,0,0,0,0,0,0,0,0,0
159,Cobra Kai,Courtney Henggeler|Mary Mouser|Tanner Buchanan,Action|Comedy|Drama,0,0,0,0,0,0,0,0,0,0,0,0,0,0,0,0,0,0,0,0,0,0
161,Spaced,Simon Pegg|Jessica Hynes|Julia Deakin,Action|Comedy,0,0,0,0,0,0,0,0,0,0,0,0,0,0,0,0,0,0,0,0,0,0
162,Mr. Bean,Rowan Atkinson|Robin Driscoll|Matilda Ziegler,Comedy|Family,0,0,0,0,0,0,0,0,0,0,0,0,0,0,0,0,0,0,0,0,0,0
163,Justice League,Carl Lumbly|Phil LaMarr|Michael Rosenbaum,Animation|Action|Adventure,0,0,0,0,0,0,0,0,0,0,0,0,0,0,0,0,0,0,0,0,0,0
164,The Eric Andre Show,Eric André|Hannibal Buress|Robert Smith,Comedy,0,0,0,0,0,0,0,0,0,0,0,0,0,0,0,0,0,0,0,0,0,0
165,What We Do in the Shadows,Kayvan Novak|Matt Berry|Natasia Demetriou,Comedy|Fantasy|Horror,0,0,0,0,0,0,0,0,0,0,0,0,0,0,0,0,0,0,0,0,0,0
166,Shin seiki evangerion,Megumi Ogata|Megumi Hayashibara|Kotono Mitsuishi,Animation|Action|Drama,0,0,0,0,0,0,0,0,0,0,0,0,0,0,0,0,0,0,0,0,0,0
167,Long Way Round,Ewan McGregor|Charley Boorman|David Alexanian,Documentary|Adventure,0,0,0,0,0,0,0,0,0,0,0,0,0,0,0,0,0,0,0,0,0,0
154,Poirot,David Suchet|Hugh Fraser|Philip Jackson,Crime|Drama|Mystery,0,0,0,0,0,0,0,0,0,0,0,0,0,0,0,0,0,0,0,0,0,0
168,Naruto: Shippûden,Junko Takeuchi|Maile Flanagan|Kate Higgins,Animation|Action|Adventure,0,0,0,0,0,0,0,0,0,0,0,0,0,0,0,0,0,0,0,0,0,0
170,Samurai chanpurû,Kazuya Nakai|Ginpei Sato|Ayako Kawasumi,Animation|Action|Adventure,0,0,0,0,0,0,0,0,0,0,0,0,0,0,0,0,0,0,0,0,0,0
171,Boardwalk Empire,Steve Buscemi|Kelly Macdonald|Michael Shannon,Crime|Drama|History,0,0,0,0,0,0,0,0,0,0,0,0,0,0,0,0,0,0,0,0,0,0
173,Pose,Michaela Jaé (MJ) Rodriguez|Dominique Jackson|Indya Moore,Drama,0,0,0,0,0,0,0,0,0,0,0,0,0,0,0,0,0,0,0,0,0,0
174,Dragon Ball: Doragon bôru,Masako Nozawa|Jôji Yanami|Brice Armstrong,Animation|Action|Adventure,0,0,0,0,0,0,0,0,0,0,0,0,0,0,0,0,0,0,0,0,0,0
175,Flight of the Conchords,Jemaine Clement|Bret McKenzie|Rhys Darby,Comedy|Music|Musical,0,0,0,0,0,0,0,0,0,0,0,0,0,0,0,0,0,0,0,0,0,0
177,Mob Psycho 100,Setsuo Ito|Takahiro Sakurai|Akio Ôtsuka,Animation|Action|Comedy,0,0,0,0,0,0,0,0,0,0,0,0,0,0,0,0,0,0,0,0,0,0
178,Dragon Ball,Brice Armstrong|Steve Olson|Stephanie Nadolny,Animation|Action|Adventure,0,0,0,0,0,0,0,0,0,0,0,0,0,0,0,0,0,0,0,0,0,0
179,Senke nad Balkanom,Andrija Kuzmanovic|Marija Bergam|Dragan Bjelogrlic,Nan,0,0,0,0,0,0,0,0,0,0,0,0,0,0,0,0,0,0,0,0,0,0
180,"Yes, Prime Minister",Paul Eddington|Nigel Hawthorne|Derek Fowlds,Nan,0,0,0,0,0,0,0,0,0,0,0,0,0,0,0,0,0,0,0,0,0,0
181,Mr. Robot,Rami Malek|Christian Slater|Carly Chaikin,Crime|Drama|Thriller,0,0,0,0,0,0,0,0,0,0,0,0,0,0,0,0,0,0,0,0,0,0
182,Mystery Science Theater 3000,Joel Hodgson|Michael J. Nelson|Trace Beaulieu,Comedy|Sci-Fi,0,0,0,0,0,0,0,0,0,0,0,0,0,0,0,0,0,0,0,0,0,0
183,The IT Crowd,Chris O'Dowd|Richard Ayoade|Katherine Parkinson,Comedy,0,0,0,0,0,0,0,0,0,0,0,0,0,0,0,0,0,0,0,0,0,0
169,From the Earth to the Moon,Tom Hanks|Nick Searcy|Lane Smith,Action|Drama|History,0,0,0,0,0,0,0,0,0,0,0,0,0,0,0,0,0,0,0,0,0,0
184,Coupling,Jack Davenport|Gina Bellman|Sarah Alexander,Nan,0,0,0,0,0,0,0,0,0,0,0,0,0,0,0,0,0,0,0,0,0,0
153,Yellowstone,Kevin Costner|Luke Grimes|Kelly Reilly,Drama|Western,0,0,0,0,0,0,0,0,0,0,0,0,0,0,0,0,0,0,0,0,0,0
151,QI,Alan Davies|Stephen Fry|Sandi Toksvig,Comedy|Game-Show,0,0,0,0,0,0,0,0,0,0,0,0,0,0,0,0,0,0,0,0,0,0
121,Parks and Recreation,Amy Poehler|Jim O'Heir|Nick Offerman,Comedy,0,0,0,0,0,0,0,0,0,0,0,0,0,0,0,0,0,0,0,0,0,0
122,Demon Slayer: Kimetsu No Yaiba,Natsuki Hanae|Zach Aguilar|Hiro Shimono,Animation|Action|Adventure,0,0,0,0,0,0,0,0,0,0,0,0,0,0,0,0,0,0,0,0,0,0
123,Young Justice,Danica McKellar|Nolan North|Stephanie Lemelin,Animation|Action|Adventure,0,0,0,0,0,0,0,0,0,0,0,0,0,0,0,0,0,0,0,0,0,0
248,Sseulsseulhago Chalranhashin: Dokkaebi,Gong Yoo|Kim Go-eun|Lee Dong-Wook,Comedy|Drama|Fantasy,0,0,0,0,0,0,0,0,0,0,0,0,0,0,0,0,0,0,0,0,0,0
125,Peep Show,David Mitchell|Robert Webb|Matt King,Comedy,0,0,0,0,0,0,0,0,0,0,0,0,0,0,0,0,0,0,0,0,0,0
126,Friday Night Lights,Kyle Chandler|Connie Britton|Zach Gilford,Drama|Sport,0,0,0,0,0,0,0,0,0,0,0,0,0,0,0,0,0,0,0,0,0,0
127,Gullak,Jameel Khan|Geetanjali Kulkarni|Vaibhav Raj Gupta,Comedy|Drama|Family,0,0,0,0,0,0,0,0,0,0,0,0,0,0,0,0,0,0,0,0,0,0
128,Dopesick,Michael Keaton|Peter Sarsgaard|Michael Stuhlbarg,Drama,0,0,0,0,0,0,0,0,0,0,0,0,0,0,0,0,0,0,0,0,0,0
129,Gomorra: La serie,Salvatore Esposito|Marco D'Amore|Cristiana Dell'Anna,Crime|Drama|Thriller,0,0,0,0,0,0,0,0,0,0,0,0,0,0,0,0,0,0,0,0,0,0
131,Monster,Hidenobu Kiuchi|Liam O'Brien|Mamiko Noto,Animation|Crime|Drama,0,0,0,0,0,0,0,0,0,0,0,0,0,0,0,0,0,0,0,0,0,0
132,Battlestar Galactica,Edward James Olmos|Mary McDonnell|Katee Sackhoff,Action|Adventure|Drama,0,0,0,0,0,0,0,0,0,0,0,0,0,0,0,0,0,0,0,0,0,0
133,Westworld,Evan Rachel Wood|Jeffrey Wright|Ed Harris,Drama|Mystery|Sci-Fi,0,0,0,0,0,0,0,0,0,0,0,0,0,0,0,0,0,0,0,0,0,0
152,Yeh Meri Family,Vishesh Bansal|Mona Singh|Akarsh Khurana,Comedy|Drama|Family,0,0,0,0,0,0,0,0,0,0,0,0,0,0,0,0,0,0,0,0,0,0
134,Jujutsu Kaisen,Junya Enoki|Adam McArthur|Yûichi Nakamura,Animation|Action|Adventure,0,0,0,0,0,0,0,0,0,0,0,0,0,0,0,0,0,0,0,0,0,0
137,The Haunting of Hill House,Michiel Huisman|Carla Gugino|Henry Thomas,Drama|Horror|Mystery,0,0,0,0,0,0,0,0,0,0,0,0,0,0,0,0,0,0,0,0,0,0
139,Dexter,Michael C. Hall|Jennifer Carpenter|David Zayas,Crime|Drama|Mystery,0,0,0,0,0,0,0,0,0,0,0,0,0,0,0,0,0,0,0,0,0,0
140,Blackadder the Third,Rowan Atkinson|Tony Robinson|Hugh Laurie,Nan,0,0,0,0,0,0,0,0,0,0,0,0,0,0,0,0,0,0,0,0,0,0
141,The Bugs Bunny Show,Mel Blanc|June Foray|Jim Backus,Nan,0,0,0,0,0,0,0,0,0,0,0,0,0,0,0,0,0,0,0,0,0,0
142,Daredevil,Charlie Cox|Vincent D'Onofrio|Deborah Ann Woll,Action|Crime|Drama,0,0,0,0,0,0,0,0,0,0,0,0,0,0,0,0,0,0,0,0,0,0
144,The Queen's Gambit,Anya Taylor-Joy|Chloe Pirrie|Bill Camp,Drama,0,0,0,0,0,0,0,0,0,0,0,0,0,0,0,0,0,0,0,0,0,0
145,Panchayat,Jitendra Kumar|Raghuvir Yadav|Chandan Roy,Comedy|Drama,0,0,0,0,0,0,0,0,0,0,0,0,0,0,0,0,0,0,0,0,0,0
146,The Newsroom,Jeff Daniels|Emily Mortimer|John Gallagher Jr.,Drama,0,0,0,0,0,0,0,0,0,0,0,0,0,0,0,0,0,0,0,0,0,0
147,Sa-rang-eui bul-sa-chak,Hyun Bin|Son Ye-jin|Seo Ji-hye,Adventure|Comedy|Romance,0,0,0,0,0,0,0,0,0,0,0,0,0,0,0,0,0,0,0,0,0,0
148,Yes Minister,Paul Eddington|Nigel Hawthorne|Derek Fowlds,Comedy,0,0,0,0,0,0,0,0,0,0,0,0,0,0,0,0,0,0,0,0,0,0
149,Behzat Ç.: Bir Ankara Polisiyesi,Erdal Besikçioglu|Inanç Konukçu|Ege Aydan,Nan,0,0,0,0,0,0,0,0,0,0,0,0,0,0,0,0,0,0,0,0,0,0
150,Rurouni Kenshin: Meiji Kenkaku Romantan: Tsuioku Hen,Mayo Suzukaze|Junko Iwao|Nozomu Sasaki,Animation|Action|Adventure,0,0,0,0,0,0,0,0,0,0,0,0,0,0,0,0,0,0,0,0,0,0
135,This Is Us,Milo Ventimiglia|Mandy Moore|Sterling K. Brown,Comedy|Drama|Romance,0,0,0,0,0,0,0,0,0,0,0,0,0,0,0,0,0,0,0,0,0,0
120,Blackadder II,Rowan Atkinson|Tony Robinson|Tim McInnerny,Nan,0,0,0,0,0,0,0,0,0,0,0,0,0,0,0,0,0,0,0,0,0,0
185,Alfred Hitchcock Presents,Alfred Hitchcock|Harry Tyler|John Williams,Comedy|Crime|Drama,0,0,0,0,0,0,0,0,0,0,0,0,0,0,0,0,0,0,0,0,0,0
187,Letterkenny,Jared Keeso|Nathan Dales|Michelle Mylett,Comedy,0,0,0,0,0,0,0,0,0,0,0,0,0,0,0,0,0,0,0,0,0,0
219,Mare of Easttown,Kate Winslet|Julianne Nicholson|Jean Smart,Crime|Drama|Mystery,0,0,0,0,0,0,0,0,0,0,0,0,0,0,0,0,0,0,0,0,0,0
220,Harley Quinn,Kaley Cuoco|Lake Bell|Alan Tudyk,Animation|Action|Adventure,0,0,0,0,0,0,0,0,0,0,0,0,0,0,0,0,0,0,0,0,0,0
221,John Adams,Paul Giamatti|Laura Linney|John Dossett,Biography|Drama|History,0,0,0,0,0,0,0,0,0,0,0,0,0,0,0,0,0,0,0,0,0,0
222,Schitt's Creek,Eugene Levy|Catherine O'Hara|Dan Levy,Comedy,0,0,0,0,0,0,0,0,0,0,0,0,0,0,0,0,0,0,0,0,0,0
223,The Knick,André Holland|Clive Owen|Jeremy Bobb,Drama|History,0,0,0,0,0,0,0,0,0,0,0,0,0,0,0,0,0,0,0,0,0,0
224,Saikojiman Gwaenchanha,Kim Soo-hyun|Seo Ye-Ji|Oh Jeong-Se,Comedy|Drama|Romance,0,0,0,0,0,0,0,0,0,0,0,0,0,0,0,0,0,0,0,0,0,0
225,"Love, Death & Robots",Scott Whyte|Nolan North|Steven Pacey,Animation|Short|Action,0,0,0,0,0,0,0,0,0,0,0,0,0,0,0,0,0,0,0,0,0,0
226,Dr. Horrible's Sing-Along Blog,Neil Patrick Harris|Nathan Fillion|Felicia Day,Short|Comedy|Musical,0,0,0,0,0,0,0,0,0,0,0,0,0,0,0,0,0,0,0,0,0,0
227,Community,Joel McHale|Danny Pudi|Donald Glover,Comedy,0,0,0,0,0,0,0,0,0,0,0,0,0,0,0,0,0,0,0,0,0,0
228,Inside No. 9,Reece Shearsmith|Steve Pemberton|Derek Jacobi,Comedy|Drama|Horror,0,0,0,0,0,0,0,0,0,0,0,0,0,0,0,0,0,0,0,0,0,0
229,The Punisher,Jon Bernthal|Amber Rose Revah|Ben Barnes,Action|Crime|Drama,0,0,0,0,0,0,0,0,0,0,0,0,0,0,0,0,0,0,0,0,0,0
230,The New Batman Adventures,Kevin Conroy|Tara Strong|Mathew Valencia,Nan,0,0,0,0,0,0,0,0,0,0,0,0,0,0,0,0,0,0,0,0,0,0
218,Black Books,Dylan Moran|Bill Bailey|Tamsin Greig,Comedy,0,0,0,0,0,0,0,0,0,0,0,0,0,0,0,0,0,0,0,0,0,0
231,"Unsere Mütter, unsere Väter",Volker Bruch|Tom Schilling|Katharina Schüttler,Action|Drama|History,0,0,0,0,0,0,0,0,0,0,0,0,0,0,0,0,0,0,0,0,0,0
233,Horace and Pete,Louis C.K.|Steve Buscemi|Edie Falco,Nan,0,0,0,0,0,0,0,0,0,0,0,0,0,0,0,0,0,0,0,0,0,0
235,Flames,Ritvik Sahore|Tanya Maniktala|Sunakshi Grover,Comedy|Drama|Romance,0,0,0,0,0,0,0,0,0,0,0,0,0,0,0,0,0,0,0,0,0,0
236,The Prisoner,Patrick McGoohan|Angelo Muscat|Peter Swanwick,Drama|Mystery|Sci-Fi,0,0,0,0,0,0,0,0,0,0,0,0,0,0,0,0,0,0,0,0,0,0
239,Jesus of Nazareth,Robert Powell|Olivia Hussey|Laurence Olivier,Biography|Drama|History,0,0,0,0,0,0,0,0,0,0,0,0,0,0,0,0,0,0,0,0,0,0
240,Kôkaku kidôtai: Stand Alone Complex,Shirô Saitô|Mary Elizabeth McGlynn|William Frederick Knight,Animation|Action|Crime,0,0,0,0,0,0,0,0,0,0,0,0,0,0,0,0,0,0,0,0,0,0
241,X-Men,Cedric Smith|Cal Dodd|Lenore Zann,Animation|Action|Family,0,0,0,0,0,0,0,0,0,0,0,0,0,0,0,0,0,0,0,0,0,0
242,Luther,Idris Elba|Dermot Crowley|Michael Smiley,Crime|Drama|Mystery,0,0,0,0,0,0,0,0,0,0,0,0,0,0,0,0,0,0,0,0,0,0
243,Wentworth,Kate Atkinson|Katrina Milosevic|Robbie Magasiva,Crime|Drama,0,0,0,0,0,0,0,0,0,0,0,0,0,0,0,0,0,0,0,0,0,0
244,Scener ur ett äktenskap,Liv Ullmann|Erland Josephson|Bibi Andersson,Nan,0,0,0,0,0,0,0,0,0,0,0,0,0,0,0,0,0,0,0,0,0,0
245,Garth Marenghi's Darkplace,Richard Ayoade|Matt Berry|Matthew Holness,Nan,0,0,0,0,0,0,0,0,0,0,0,0,0,0,0,0,0,0,0,0,0,0
246,Vikings,Katheryn Winnick|Gustaf Skarsgård|Alexander Ludwig,Action|Adventure|Drama,0,0,0,0,0,0,0,0,0,0,0,0,0,0,0,0,0,0,0,0,0,0
247,Avrupa Yakasi,Gülse Birsel|Levent Üzümcü|Senay Gürler,Nan,0,0,0,0,0,0,0,0,0,0,0,0,0,0,0,0,0,0,0,0,0,0
232,Delhi Crime,Shefali Shah|Rajesh Tailang|Rasika Dugal,Crime|Drama,0,0,0,0,0,0,0,0,0,0,0,0,0,0,0,0,0,0,0,0,0,0
186,Brass Eye,Christopher Morris|Mark Heap|Kevin Eldon,Nan,0,0,0,0,0,0,0,0,0,0,0,0,0,0,0,0,0,0,0,0,0,0
217,Bir Baskadir,Öykü Karayel|Fatih Artman|Funda Eryigit,Drama|Thriller,0,0,0,0,0,0,0,0,0,0,0,0,0,0,0,0,0,0,0,0,0,0
215,L'amica geniale,Alba Rohrwacher|Margherita Mazzucco|Gaia Girace,Drama,0,0,0,0,0,0,0,0,0,0,0,0,0,0,0,0,0,0,0,0,0,0
188,Hagane no renkinjutsushi,Vic Mignogna|Aaron Dismuke|Romi Park,Animation|Action|Adventure,0,0,0,0,0,0,0,0,0,0,0,0,0,0,0,0,0,0,0,0,0,0
189,Homicide: Life on the Street,Richard Belzer|Clark Johnson|Yaphet Kotto,Crime|Drama|Mystery,0,0,0,0,0,0,0,0,0,0,0,0,0,0,0,0,0,0,0,0,0,0
190,Detectorists,Mackenzie Crook|Toby Jones|Rachael Stirling,Comedy,0,0,0,0,0,0,0,0,0,0,0,0,0,0,0,0,0,0,0,0,0,0
191,Endeavour,Shaun Evans|Roger Allam|James Bradshaw,Crime|Drama|Mystery,0,0,0,0,0,0,0,0,0,0,0,0,0,0,0,0,0,0,0,0,0,0
192,Doctor Who,Jodie Whittaker|Peter Capaldi|Pearl Mackie,Adventure|Drama|Family,0,0,0,0,0,0,0,0,0,0,0,0,0,0,0,0,0,0,0,0,0,0
193,Skam,Josefine Frida Pettersen|Iman Meskini|Ulrikke Falch,Drama|Romance,0,0,0,0,0,0,0,0,0,0,0,0,0,0,0,0,0,0,0,0,0,0
194,Silicon Valley,Thomas Middleditch|T.J. Miller|Josh Brener,Comedy,0,0,0,0,0,0,0,0,0,0,0,0,0,0,0,0,0,0,0,0,0,0
195,Impractical Jokers,Brian Quinn|James Murray|Sal Vulcano,Comedy|Reality-TV,0,0,0,0,0,0,0,0,0,0,0,0,0,0,0,0,0,0,0,0,0,0
196,Louie,Louis C.K.|Hadley Delany|Ursula Parker,Comedy|Drama,0,0,0,0,0,0,0,0,0,0,0,0,0,0,0,0,0,0,0,0,0,0
198,Hannibal,Hugh Dancy|Mads Mikkelsen|Caroline Dhavernas,Crime|Drama|Horror,0,0,0,0,0,0,0,0,0,0,0,0,0,0,0,0,0,0,0,0,0,0
199,Shameless,Emmy Rossum|William H. Macy|Ethan Cutkosky,Comedy|Drama,0,0,0,0,0,0,0,0,0,0,0,0,0,0,0,0,0,0,0,0,0,0
200,The Expanse,Wes Chatham|Shohreh Aghdashloo|Steven Strait,Drama|Mystery|Sci-Fi,0,0,0,0,0,0,0,0,0,0,0,0,0,0,0,0,0,0,0,0,0,0
216,Boku dake ga inai machi,Tao Tsuchiya|Ben Diskin|Michelle Ruff,Nan,0,0,0,0,0,0,0,0,0,0,0,0,0,0,0,0,0,0,0,0,0,0
201,Spartacus: Gods of the Arena,John Hannah|Manu Bennett|Peter Mensah,Action|Adventure|Biography,0,0,0,0,0,0,0,0,0,0,0,0,0,0,0,0,0,0,0,0,0,0
203,The Office,Ricky Gervais|Martin Freeman|Mackenzie Crook,Comedy|Drama,0,0,0,0,0,0,0,0,0,0,0,0,0,0,0,0,0,0,0,0,0,0
204,Chef's Table,Massimo Bottura|Ruth Reichl|Francis Mallmann,Documentary,0,0,0,0,0,0,0,0,0,0,0,0,0,0,0,0,0,0,0,0,0,0
205,The Night Of,Riz Ahmed|John Turturro|Bill Camp,Crime|Drama|Mystery,0,0,0,0,0,0,0,0,0,0,0,0,0,0,0,0,0,0,0,0,0,0
206,Ezel,Kenan Imirzalioglu|Cansu Dere|Yigit Özsener,Crime|Drama|Thriller,0,0,0,0,0,0,0,0,0,0,0,0,0,0,0,0,0,0,0,0,0,0
207,Samurai Jack,Phil LaMarr|Mako|Kevin Michael Richardson,Animation|Action|Adventure,0,0,0,0,0,0,0,0,0,0,0,0,0,0,0,0,0,0,0,0,0,0
208,Whose Line Is It Anyway?,Drew Carey|Colin Mochrie|Ryan Stiles,Comedy|Game-Show,0,0,0,0,0,0,0,0,0,0,0,0,0,0,0,0,0,0,0,0,0,0
209,Sons of Anarchy,Charlie Hunnam|Katey Sagal|Mark Boone Junior,Crime|Drama|Thriller,0,0,0,0,0,0,0,0,0,0,0,0,0,0,0,0,0,0,0,0,0,0
210,I'm Alan Partridge,Steve Coogan|Simon Greenall|Felicity Montagu,Nan,0,0,0,0,0,0,0,0,0,0,0,0,0,0,0,0,0,0,0,0,0,0
211,Shigatsu wa kimi no uso,Natsuki Hanae|Risa Taneda|Ayane Sakura,Animation|Drama|Music,0,0,0,0,0,0,0,0,0,0,0,0,0,0,0,0,0,0,0,0,0,0
212,Big Little Lies,Reese Witherspoon|Nicole Kidman|Shailene Woodley,Crime|Drama|Mystery,0,0,0,0,0,0,0,0,0,0,0,0,0,0,0,0,0,0,0,0,0,0
213,Spartacus: Blood and Sand,Andy Whitfield|Lucy Lawless|Manu Bennett,Action|Adventure|Biography,0,0,0,0,0,0,0,0,0,0,0,0,0,0,0,0,0,0,0,0,0,0
214,The Defiant Ones,Stevie Nicks|Bono|Tom Petty,Documentary|Biography|Crime,0,0,0,0,0,0,0,0,0,0,0,0,0,0,0,0,0,0,0,0,0,0
202,Mr Inbetween,Scott Ryan|Chika Yasumura|Justin Rosniak,Crime|Drama,0,0,0,0,0,0,0,0,0,0,0,0,0,0,0,0,0,0,0,0,0,0
119,Sarabhai V/S Sarabhai,Satish Shah|Ratna Pathak Shah|Sumeet Raghavan,Comedy,0,0,0,0,0,0,0,0,0,0,0,0,0,0,0,0,0,0,0,0,0,0
124,The X Files,David Duchovny|Gillian Anderson|Mitch Pileggi,Crime|Drama|Mystery,0,0,0,0,0,0,0,0,0,0,0,0,0,0,0,0,0,0,0,0,0,0
117,Formula 1: Drive to Survive,Valtteri Bottas|Will Buxton|Pierre Gasly,Documentary|Sport,0,0,0,0,0,0,0,0,0,0,0,0,0,0,0,0,0,0,0,0,0,0
32,True Detective,Vince Vaughn|Colin Farrell|Rachel McAdams,Crime|Drama|Mystery,0,0,0,0,0,0,0,0,0,0,0,0,0,0,0,0,0,0,0,0,0,0
33,Kaubôi bibappu,Kôichi Yamadera|Unshô Ishizuka|Megumi Hayashibara,Animation|Action|Adventure,0,0,0,0,0,0,0,0,0,0,0,0,0,0,0,0,0,0,0,0,0,0
34,The Civil War,David McCullough|Sam Waterston|Julie Harris,Documentary|History|War,0,0,0,0,0,0,0,0,0,0,0,0,0,0,0,0,0,0,0,0,0,0
37,Hunter x Hunter,Issei Futamata|Megumi Han|Cristina Valenzuela,Animation|Action|Adventure,0,0,0,0,0,0,0,0,0,0,0,0,0,0,0,0,0,0,0,0,0,0
38,The Office,Steve Carell|Jenna Fischer|John Krasinski,Comedy,0,0,0,0,0,0,0,0,0,0,0,0,0,0,0,0,0,0,0,0,0,0
39,When They See Us,Asante Blackk|Caleel Harris|Ethan Herisse,Biography|Crime|Drama,0,0,0,0,0,0,0,0,0,0,0,0,0,0,0,0,0,0,0,0,0,0
40,Africa,David Attenborough|Simon Blakeney|Mark Deeble,Nan,0,0,0,0,0,0,0,0,0,0,0,0,0,0,0,0,0,0,0,0,0,0
41,Apocalypse: La 2ème guerre mondiale,Mathieu Kassovitz|Martin Sheen|Rudolf Hess,Documentary|History|War,0,0,0,0,0,0,0,0,0,0,0,0,0,0,0,0,0,0,0,0,0,0
42,Only Fools and Horses....,David Jason|Nicholas Lyndhurst|Roger Lloyd Pack,Comedy,0,0,0,0,0,0,0,0,0,0,0,0,0,0,0,0,0,0,0,0,0,0
43,Last Week Tonight with John Oliver,John Oliver|David Kaye|Ryan Barger,Comedy|History|News,0,0,0,0,0,0,0,0,0,0,0,0,0,0,0,0,0,0,0,0,0,0
44,TVF Pitchers,Naveen Kasturia|Arunabh Kumar|Jitendra Kumar,Comedy|Drama,0,0,0,0,0,0,0,0,0,0,0,0,0,0,0,0,0,0,0,0,0,0
45,Gravity Falls,Jason Ritter|Alex Hirsch|Kristen Schaal,Animation|Action|Adventure,0,0,0,0,0,0,0,0,0,0,0,0,0,0,0,0,0,0,0,0,0,0
47,Das Boot,Jürgen Prochnow|Herbert Grönemeyer|Klaus Wennemann,Nan,0,0,0,0,0,0,0,0,0,0,0,0,0,0,0,0,0,0,0,0,0,0
48,Monty Python's Flying Circus,Graham Chapman|John Cleese|Terry Gilliam,Comedy,0,0,0,0,0,0,0,0,0,0,0,0,0,0,0,0,0,0,0,0,0,0
49,Nathan for You,Nathan Fielder|Anthony Filosa|Brian S. Wolfe,Documentary|Comedy,0,0,0,0,0,0,0,0,0,0,0,0,0,0,0,0,0,0,0,0,0,0
50,Friends,Jennifer Aniston|Courteney Cox|Lisa Kudrow,Comedy|Romance,0,0,0,0,0,0,0,0,0,0,0,0,0,0,0,0,0,0,0,0,0,0
51,Pride and Prejudice,Colin Firth|Jennifer Ehle|Susannah Harker,Drama|Romance,0,0,0,0,0,0,0,0,0,0,0,0,0,0,0,0,0,0,0,0,0,0
52,Dexter: New Blood,Michael C. Hall|Jack Alcott|Julia Jones,Crime|Drama|Mystery,0,0,0,0,0,0,0,0,0,0,0,0,0,0,0,0,0,0,0,0,0,0
53,Black Mirror,Daniel Lapaine|Hannah John-Kamen|Michaela Coel,Drama|Sci-Fi|Thriller,0,0,0,0,0,0,0,0,0,0,0,0,0,0,0,0,0,0,0,0,0,0
54,Twin Peaks,Kyle MacLachlan|Michael Ontkean|Mädchen Amick,Crime|Drama|Mystery,0,0,0,0,0,0,0,0,0,0,0,0,0,0,0,0,0,0,0,0,0,0
55,Over the Garden Wall,Elijah Wood|Collin Dean|Melanie Lynskey,Animation|Adventure|Drama,0,0,0,0,0,0,0,0,0,0,0,0,0,0,0,0,0,0,0,0,0,0
56,Kota Factory,Mayur More|Jitendra Kumar|Ranjan Raj,Comedy|Drama,0,0,0,0,0,0,0,0,0,0,0,0,0,0,0,0,0,0,0,0,0,0
57,Fawlty Towers,John Cleese|Prunella Scales|Andrew Sachs,Comedy,0,0,0,0,0,0,0,0,0,0,0,0,0,0,0,0,0,0,0,0,0,0
58,Narcos,Pedro Pascal|Lizbeth Eden|Wagner Moura,Biography|Crime|Drama,0,0,0,0,0,0,0,0,0,0,0,0,0,0,0,0,0,0,0,0,0,0
59,Blackadder Goes Forth,Rowan Atkinson|Tony Robinson|Stephen Fry,Nan,0,0,0,0,0,0,0,0,0,0,0,0,0,0,0,0,0,0,0,0,0,0
118,Kôdo giasu - Hangyaku no rurûshu: Code Geass - Lelouch of the Rebellion,Jun Fukuyama|Takahiro Sakurai|Johnny Yong Bosch,Animation|Action|Drama,0,0,0,0,0,0,0,0,0,0,0,0,0,0,0,0,0,0,0,0,0,0
61,Ted Lasso,Jason Sudeikis|Brett Goldstein|Brendan Hunt,Comedy|Drama|Sport,0,0,0,0,0,0,0,0,0,0,0,0,0,0,0,0,0,0,0,0,0,0
31,Dekalog,Artur Barcis|Olgierd Lukaszewicz|Aleksander Bardini,Drama,0,0,0,0,0,0,0,0,0,0,0,0,0,0,0,0,0,0,0,0,0,0
62,Better Call Saul,Bob Odenkirk|Rhea Seehorn|Jonathan Banks,Crime|Drama,0,0,0,0,0,0,0,0,0,0,0,0,0,0,0,0,0,0,0,0,0,0
30,Death Note: Desu nôto,Mamoru Miyano|Brad Swaile|Vincent Tong,Animation|Crime|Drama,0,0,0,0,0,0,0,0,0,0,0,0,0,0,0,0,0,0,0,0,0,0
28,Clarkson's Farm,Jeremy Clarkson|Kaleb Cooper|Charlie Ireland,Documentary|Reality-TV,0,0,0,0,0,0,0,0,0,0,0,0,0,0,0,0,0,0,0,0,0,0
1,Planet Earth,David Attenborough|Sigourney Weaver|Nikolay Drozdov,Documentary,0,0,0,0,0,0,0,0,0,0,0,0,0,0,0,0,0,0,0,0,0,0
2,Breaking Bad,Bryan Cranston|Aaron Paul|Anna Gunn,Crime|Drama|Thriller,0,0,0,0,0,0,0,0,0,0,0,0,0,0,0,0,0,0,0,0,0,0
3,Band of Brothers,Scott Grimes|Damian Lewis|Ron Livingston,Drama|History|War,0,0,0,0,0,0,0,0,0,0,0,0,0,0,0,0,0,0,0,0,0,0
4,Chernobyl,Jessie Buckley|Jared Harris|Stellan Skarsgård,Drama|History|Thriller,0,0,0,0,0,0,0,0,0,0,0,0,0,0,0,0,0,0,0,0,0,0
5,The Wire,Dominic West|Lance Reddick|Sonja Sohn,Crime|Drama|Thriller,0,0,0,0,0,0,0,0,0,0,0,0,0,0,0,0,0,0,0,0,0,0
6,Blue Planet II,David Attenborough|Peter Drost|Roger Munns,Documentary,0,0,0,0,0,0,0,0,0,0,0,0,0,0,0,0,0,0,0,0,0,0
7,Our Planet,David Attenborough,Documentary,0,0,0,0,0,0,0,0,0,0,0,0,0,0,0,0,0,0,0,0,0,0
8,Cosmos: A Spacetime Odyssey,Neil deGrasse Tyson|Christopher Emerson|Keythe Farley,Documentary,0,0,0,0,0,0,0,0,0,0,0,0,0,0,0,0,0,0,0,0,0,0
9,Avatar: The Last Airbender,Dee Bradley Baker|Zach Tyler Eisen|Mae Whitman,Animation|Action|Adventure,0,0,0,0,0,0,0,0,0,0,0,0,0,0,0,0,0,0,0,0,0,0
10,Cosmos,Carl Sagan|Jaromír Hanzlík|Jonathan Fahn,Documentary,0,0,0,0,0,0,0,0,0,0,0,0,0,0,0,0,0,0,0,0,0,0
11,The Sopranos,James Gandolfini|Lorraine Bracco|Edie Falco,Crime|Drama,0,0,0,0,0,0,0,0,0,0,0,0,0,0,0,0,0,0,0,0,0,0
12,Game of Thrones,Emilia Clarke|Peter Dinklage|Kit Harington,Action|Adventure|Drama,0,0,0,0,0,0,0,0,0,0,0,0,0,0,0,0,0,0,0,0,0,0
13,Rick and Morty,Justin Roiland|Chris Parnell|Spencer Grammer,Animation|Adventure|Comedy,0,0,0,0,0,0,0,0,0,0,0,0,0,0,0,0,0,0,0,0,0,0
14,Arcane: League of Legends,Hailee Steinfeld|Kevin Alejandro|Jason Spisak,Animation|Action|Adventure,0,0,0,0,0,0,0,0,0,0,0,0,0,0,0,0,0,0,0,0,0,0
15,The World at War,Laurence Olivier|Albert Speer|Anthony Eden,Nan,0,0,0,0,0,0,0,0,0,0,0,0,0,0,0,0,0,0,0,0,0,0
16,The Last Dance,Michael Jordan|Phil Jackson|Scottie Pippen,Documentary|Biography|History,0,0,0,0,0,0,0,0,0,0,0,0,0,0,0,0,0,0,0,0,0,0
17,Life,Oprah Winfrey|David Attenborough|Doug Allan,Documentary,0,0,0,0,0,0,0,0,0,0,0,0,0,0,0,0,0,0,0,0,0,0
18,Hagane no renkinjutsushi,Kent Williams|Iemasa Kayumi|Vic Mignogna,Animation|Action|Adventure,0,0,0,0,0,0,0,0,0,0,0,0,0,0,0,0,0,0,0,0,0,0
19,Sherlock,Benedict Cumberbatch|Martin Freeman|Una Stubbs,Crime|Drama|Mystery,0,0,0,0,0,0,0,0,0,0,0,0,0,0,0,0,0,0,0,0,0,0
20,The Vietnam War,Peter Coyote|Huy Duc|James Willbanks,Nan,0,0,0,0,0,0,0,0,0,0,0,0,0,0,0,0,0,0,0,0,0,0
21,Scam 1992: The Harshad Mehta Story,Pratik Gandhi|Shreya Dhanwanthary|Hemant Kher,Biography|Crime|Drama,0,0,0,0,0,0,0,0,0,0,0,0,0,0,0,0,0,0,0,0,0,0
22,The Twilight Zone,Rod Serling|Robert McCord|Jay Overholts,Drama|Fantasy|Horror,0,0,0,0,0,0,0,0,0,0,0,0,0,0,0,0,0,0,0,0,0,0
23,The Blue Planet,David Attenborough|Pierce Brosnan,Documentary,0,0,0,0,0,0,0,0,0,0,0,0,0,0,0,0,0,0,0,0,0,0
24,Batman: The Animated Series,Kevin Conroy|Loren Lester|Efrem Zimbalist Jr.,Animation|Action|Adventure,0,0,0,0,0,0,0,0,0,0,0,0,0,0,0,0,0,0,0,0,0,0
25,Human Planet,John Hurt|Roger Munns,Documentary,0,0,0,0,0,0,0,0,0,0,0,0,0,0,0,0,0,0,0,0,0,0
26,Firefly,Nathan Fillion|Gina Torres|Alan Tudyk,Adventure|Drama|Sci-Fi,0,0,0,0,0,0,0,0,0,0,0,0,0,0,0,0,0,0,0,0,0,0
27,Sahsiyet,Haluk Bilginer|Cansu Dere|Metin Akdülger,Crime|Drama|Mystery,0,0,0,0,0,0,0,0,0,0,0,0,0,0,0,0,0,0,0,0,0,0
29,Frozen Planet,David Attenborough|Alec Baldwin|Chadden Hunter,Documentary,0,0,0,0,0,0,0,0,0,0,0,0,0,0,0,0,0,0,0,0,0,0
63,Freaks and Geeks,Linda Cardellini|John Francis Daley|James Franco,Comedy|Drama,0,0,0,0,0,0,0,0,0,0,0,0,0,0,0,0,0,0,0,0,0,0
60,It's Always Sunny in Philadelphia,Charlie Day|Glenn Howerton|Rob McElhenney,Comedy,0,0,0,0,0,0,0,0,0,0,0,0,0,0,0,0,0,0,0,0,0,0
65,The Mandalorian,Pedro Pascal|Carl Weathers|Barry Lowin,Action|Adventure|Fantasy,0,0,0,0,0,0,0,0,0,0,0,0,0,0,0,0,0,0,0,0,0,0
89,One Piece: Wan pîsu,Mayumi Tanaka|Tony Beck|Laurent Vernin,Animation|Action|Adventure,0,0,0,0,0,0,0,0,0,0,0,0,0,0,0,0,0,0,0,0,0,0
90,The Boys,Karl Urban|Jack Quaid|Antony Starr,Action|Crime|Drama,0,0,0,0,0,0,0,0,0,0,0,0,0,0,0,0,0,0,0,0,0,0
64,Chappelle's Show,Dave Chappelle|Donnell Rawlings|Rudy Rush,Comedy|Music,0,0,0,0,0,0,0,0,0,0,0,0,0,0,0,0,0,0,0,0,0,0
93,Justice League Unlimited,George Newbern|Kevin Conroy|Phil LaMarr,Animation|Action|Adventure,0,0,0,0,0,0,0,0,0,0,0,0,0,0,0,0,0,0,0,0,0,0
94,Battlestar Galactica,Edward James Olmos|Mary McDonnell|Jamie Bamber,Action|Adventure|Drama,0,0,0,0,0,0,0,0,0,0,0,0,0,0,0,0,0,0,0,0,0,0
95,The Thick of It,Chris Addison|James Smith|Peter Capaldi,Comedy,0,0,0,0,0,0,0,0,0,0,0,0,0,0,0,0,0,0,0,0,0,0
96,House M.D.,Hugh Laurie|Omar Epps|Robert Sean Leonard,Drama|Mystery,0,0,0,0,0,0,0,0,0,0,0,0,0,0,0,0,0,0,0,0,0,0
97,The Simpsons,Dan Castellaneta|Nancy Cartwright|Harry Shearer,Animation|Comedy,0,0,0,0,0,0,0,0,0,0,0,0,0,0,0,0,0,0,0,0,0,0
98,The Jinx: The Life and Deaths of Robert Durst,Robert Durst|Andrew Jarecki|Gary Napoli,Documentary|Crime|Mystery,0,0,0,0,0,0,0,0,0,0,0,0,0,0,0,0,0,0,0,0,0,0
99,The Shield,Michael Chiklis|Michael Jace|Jay Karnes,Crime|Drama|Thriller,0,0,0,0,0,0,0,0,0,0,0,0,0,0,0,0,0,0,0,0,0,0
100,Kenpû Denki Berserk,Marc Diraison|Nobutoshi Canna|Carrie Keranen,Animation|Action|Adventure,0,0,0,0,0,0,0,0,0,0,0,0,0,0,0,0,0,0,0,0,0,0
88,The Adventures of Sherlock Holmes,Jeremy Brett|David Burke|Rosalie Williams,Crime|Drama|Mystery,0,0,0,0,0,0,0,0,0,0,0,0,0,0,0,0,0,0,0,0,0,0
101,The Crown,Claire Foy|Olivia Colman|Imelda Staunton,Biography|Drama|History,0,0,0,0,0,0,0,0,0,0,0,0,0,0,0,0,0,0,0,0,0,0
103,Downton Abbey,Hugh Bonneville|Phyllis Logan|Elizabeth McGovern,Drama|Romance,0,0,0,0,0,0,0,0,0,0,0,0,0,0,0,0,0,0,0,0,0,0
104,The Return of Sherlock Holmes,Jeremy Brett|Edward Hardwicke|Rosalie Williams,Nan,0,0,0,0,0,0,0,0,0,0,0,0,0,0,0,0,0,0,0,0,0,0
105,Line of Duty,Martin Compston|Vicky McClure|Adrian Dunbar,Crime|Drama|Mystery,0,0,0,0,0,0,0,0,0,0,0,0,0,0,0,0,0,0,0,0,0,0
106,It's a Sin,Olly Alexander|Nathaniel Curtis|Shaun Dooley,Comedy|Drama|History,0,0,0,0,0,0,0,0,0,0,0,0,0,0,0,0,0,0,0,0,0,0
107,Mahabharat,Harish Bhimani|Nitish Bharadwaj|Mukesh Khanna,Nan,0,0,0,0,0,0,0,0,0,0,0,0,0,0,0,0,0,0,0,0,0,0
108,Deadwood,Timothy Olyphant|Ian McShane|Molly Parker,Crime|Drama|History,0,0,0,0,0,0,0,0,0,0,0,0,0,0,0,0,0,0,0,0,0,0
109,Star Trek: The Next Generation,Patrick Stewart|Brent Spiner|Jonathan Frakes,Action|Adventure|Mystery,0,0,0,0,0,0,0,0,0,0,0,0,0,0,0,0,0,0,0,0,0,0
110,Top Gear,Jeremy Clarkson|Richard Hammond|James May,Adventure|Comedy|Reality-TV,0,0,0,0,0,0,0,0,0,0,0,0,0,0,0,0,0,0,0,0,0,0
112,Ramayan,Arun Govil|Deepika Chikhalia|Sunil Lahri,Nan,0,0,0,0,0,0,0,0,0,0,0,0,0,0,0,0,0,0,0,0,0,0
114,Lonesome Dove,Robert Duvall|Tommy Lee Jones|Danny Glover,Adventure|Drama|Western,0,0,0,0,0,0,0,0,0,0,0,0,0,0,0,0,0,0,0,0,0,0
115,Mad Men,Jon Hamm|Elisabeth Moss|Vincent Kartheiser,Drama,0,0,0,0,0,0,0,0,0,0,0,0,0,0,0,0,0,0,0,0,0,0
102,The Grand Tour,Jeremy Clarkson|James May|Richard Hammond,Comedy|Talk-Show,0,0,0,0,0,0,0,0,0,0,0,0,0,0,0,0,0,0,0,0,0,0
87,South Park,Trey Parker|Matt Stone|Isaac Hayes,Animation|Comedy,0,0,0,0,0,0,0,0,0,0,0,0,0,0,0,0,0,0,0,0,0,0
91,House of Cards,Kevin Spacey|Michel Gill|Robin Wright,Drama,0,0,0,0,0,0,0,0,0,0,0,0,0,0,0,0,0,0,0,0,0,0
249,Normal People,Daisy Edgar-Jones|Paul Mescal|Desmond Eastwood,Drama|Romance,0,0,0,0,0,0,0,0,0,0,0,0,0,0,0,0,0,0,0,0,0,0
70,One Punch Man: Wanpanman,Makoto Furukawa|Kaito Ishikawa|Max Mittelman,Animation|Action|Comedy,0,0,0,0,0,0,0,0,0,0,0,0,0,0,0,0,0,0,0,0,0,0
71,BoJack Horseman,Will Arnett|Amy Sedaris|Alison Brie,Animation|Comedy|Drama,0,0,0,0,0,0,0,0,0,0,0,0,0,0,0,0,0,0,0,0,0,0
72,Dragon Ball Z: Doragon bôru zetto,Jôji Yanami|Kyle Hebert|Masako Nozawa,Animation|Action|Adventure,0,0,0,0,0,0,0,0,0,0,0,0,0,0,0,0,0,0,0,0,0,0
73,Curb Your Enthusiasm,Larry David|Cheryl Hines|Jeff Garlin,Comedy,0,0,0,0,0,0,0,0,0,0,0,0,0,0,0,0,0,0,0,0,0,0
74,Rome,Kevin McKidd|Ray Stevenson|Polly Walker,Action|Drama|History,0,0,0,0,0,0,0,0,0,0,0,0,0,0,0,0,0,0,0,0,0,0
69,Steins;Gate,Mamoru Miyano|Asami Imai|Kana Hanazawa,Animation|Comedy|Drama,0,0,0,0,0,0,0,0,0,0,0,0,0,0,0,0,0,0,0,0,0,0
75,Dragon Ball Z,Doc Harris|Christopher Sabat|Scott McNeil,Animation|Action|Adventure,0,0,0,0,0,0,0,0,0,0,0,0,0,0,0,0,0,0,0,0,0,0
76,"I, Claudius",Derek Jacobi|John Hurt|Siân Phillips,Biography|Drama|History,0,0,0,0,0,0,0,0,0,0,0,0,0,0,0,0,0,0,0,0,0,0
77,Vinland Saga,Keith Silverstein|Zach Aguilar|Ben Diskin,Animation|Action|Adventure,0,0,0,0,0,0,0,0,0,0,0,0,0,0,0,0,0,0,0,0,0,0
78,Oz,Ernie Hudson|J.K. Simmons|Lee Tergesen,Crime|Drama|Thriller,0,0,0,0,0,0,0,0,0,0,0,0,0,0,0,0,0,0,0,0,0,0
80,Invincible,Steven Yeun|J.K. Simmons|Sandra Oh,Animation|Action|Adventure,0,0,0,0,0,0,0,0,0,0,0,0,0,0,0,0,0,0,0,0,0,0
81,Fleabag,Phoebe Waller-Bridge|Sian Clifford|Olivia Colman,Comedy|Drama,0,0,0,0,0,0,0,0,0,0,0,0,0,0,0,0,0,0,0,0,0,0
82,Leyla ile Mecnun,Ali Atay|Serkan Keskin|Ahmet Mümtaz Taylan,Nan,0,0,0,0,0,0,0,0,0,0,0,0,0,0,0,0,0,0,0,0,0,0
83,Arrested Development,Jason Bateman|Michael Cera|Portia de Rossi,Comedy,0,0,0,0,0,0,0,0,0,0,0,0,0,0,0,0,0,0,0,0,0,0
84,Stranger Things,Millie Bobby Brown|Finn Wolfhard|Winona Ryder,Drama|Fantasy|Horror,0,0,0,0,0,0,0,0,0,0,0,0,0,0,0,0,0,0,0,0,0,0
85,Six Feet Under,Peter Krause|Michael C. Hall|Frances Conroy,Comedy|Drama,0,0,0,0,0,0,0,0,0,0,0,0,0,0,0,0,0,0,0,0,0,0
86,The Marvelous Mrs. Maisel,Rachel Brosnahan|Alex Borstein|Michael Zegen,Comedy|Drama,0,0,0,0,0,0,0,0,0,0,0,0,0,0,0,0,0,0,0,0,0,0
67,The West Wing,Martin Sheen|Rob Lowe|Allison Janney,Drama,0,0,0,0,0,0,0,0,0,0,0,0,0,0,0,0,0,0,0,0,0,0
113,Haikyuu!!,Ayumu Murase|Kaito Ishikawa|Yu Hayashi,Animation|Comedy|Drama,0,0,0,0,0,0,0,0,0,0,0,1,0,0,0,0,0,0,0,0,0,3
176,Adventure Time,John DiMaggio|Jeremy Shada|Tom Kenny,Animation|Action|Adventure,1,0,0,0,0,0,0,0,0,0,0,0,0,0,0,0,0,0,0,0,0,3
238,Feud,Susan Sarandon|Jessica Lange|Judy Davis,Biography|Drama,0,0,0,0,0,0,0,0,0,0,0,0,0,1,0,0,0,0,0,0,0,3
111,Atlanta,Donald Glover|Brian Tyree Henry|LaKeith Stanfield,Comedy|Drama|Music,0,0,0,0,0,0,0,0,0,0,0,0,0,0,1,0,0,0,0,0,0,3
68,Dark,Louis Hofmann|Karoline Eichhorn|Lisa Vicari,Crime|Drama|Mystery,0,0,0,0,0,0,0,0,0,0,0,0,0,0,0,0,0,0,0,1,0,3
66,Peaky Blinders,Cillian Murphy|Paul Anderson|Helen McCrory,Crime|Drama,0,0,0,0,0,0,0,0,0,1,0,0,0,0,0,0,0,0,0,0,0,3
116,Bron/Broen,Sofia Helin|Rafael Pettersson|Sarah Boberg,Crime|Mystery|Thriller,0,0,0,0,0,0,0,0,0,0,0,0,1,0,0,0,0,0,0,0,0,3
237,Futurama,Billy West|John DiMaggio|Katey Sagal,Animation|Adventure|Comedy,1,0,0,0,0,0,0,0,0,0,0,0,0,0,0,0,0,0,0,0,0,3
35,Shingeki no kyojin,Yûki Kaji|Marina Inoue|Josh Grelle,Animation|Action|Adventure,0,0,0,0,0,0,1,0,0,0,0,0,0,0,0,0,0,0,0,0,0,3
172,Twin Peaks,Kyle MacLachlan|Sheryl Lee|Michael Horse,Crime|Drama|Horror,0,0,1,0,0,0,0,0,0,0,0,0,0,0,0,0,0,0,0,0,0,3
234,The Venture Bros.,Christopher McCulloch|James Urbaniak|Doc Hammer,Animation|Action|Adventure,0,0,0,0,0,0,0,0,0,0,0,0,0,0,0,0,0,1,0,0,0,3
36,Fargo,Billy Bob Thornton|Martin Freeman|Allison Tolman,Crime|Drama|Thriller,0,0,0,0,0,1,0,0,0,0,0,0,0,0,0,0,0,0,0,0,0,3
138,Father Ted,Dermot Morgan|Ardal O'Hanlon|Frank Kelly,Comedy,0,0,0,0,0,0,0,0,1,0,0,0,0,0,0,0,0,0,0,0,0,3
197,Generation Kill,Alexander Skarsgård|James Ransone|Lee Tergesen,Drama|War,0,0,0,0,0,0,0,0,0,0,0,0,0,0,0,1,0,0,0,0,0,3
143,Archer,H. Jon Benjamin|Judy Greer|Amber Nash,Animation|Action|Comedy,0,0,0,0,0,0,0,1,0,0,0,0,0,0,0,0,0,0,0,0,0,3
46,Seinfeld,Jerry Seinfeld|Julia Louis-Dreyfus|Michael Richards,Comedy,0,0,0,0,1,0,0,0,0,0,0,0,0,0,0,0,0,0,0,0,0,3
160,North & South,Daniela Denby-Ashe|Richard Armitage|Tim Pigott-Smith,Drama|Romance,0,0,0,0,0,0,0,0,0,0,1,0,0,0,0,0,0,0,0,0,0,3
92,Aspirants,Naveen Kasturia|Shivankit Singh Parihar|Abhilash Thapliyal,Drama,0,0,0,0,0,0,0,0,0,0,0,0,0,0,0,0,0,0,1,0,0,3
130,Mindhunter,Jonathan Groff|Holt McCallany|Anna Torv,Crime|Drama|Thriller,0,0,0,0,0,0,0,0,0,0,0,0,0,0,0,0,1,0,0,0,0,3
136,Anne,Amybeth McNulty|Geraldine James|R.H. Thomson,Drama|Family,0,0,0,1,0,0,0,0,0,0,0,0,0,0,0,0,0,0,0,0,0,3
79,Succession,Nicholas Braun|Brian Cox|Kieran Culkin,Drama,0,1,0,0,0,0,0,0,0,0,0,0,0,0,0,0,0,0,0,0,1,6
